頻道,日期,影片ID,標題,影片長度,觀看人數,網址
ctitv,20190402,l87gNOy72MU,禽獸讓你有官當！　陳明通「禽獸說」惹火基層,129,174,https://youtu.be/l87gNOy72MU
ctitv,20190402,CXzWqtKMWgQ,綠也轟陳明通！　王世堅：徹底反對、譴責「禽獸說」,87,220,https://youtu.be/CXzWqtKMWgQ
ctitv,20190402,fzOBz1iPOGA,人氣溫度計！　大甲媽遶境　2020總統人選全到齊,106,85,https://youtu.be/fzOBz1iPOGA
ctitv,20190402,76U0lBJwkB8,欠國庫292萬　「恬品軒」賣7折甜點還罰款,84,79,https://youtu.be/76U0lBJwkB8
ctitv,20190402,jc6LhRu_NyU,NCC主委請辭　詹婷怡一度否認　藍委：她「被下台」,117,153,https://youtu.be/jc6LhRu_NyU
ctitv,20190402,ZqjkykARC4M,搶韓流財！禿子塔羅牌、賣菜郎面膜創意爆發,92,78,https://youtu.be/ZqjkykARC4M
ctitv,20190402,eZRDwykQyd8,農漁產品再簽約！　韓國瑜上任累計92億元訂單,95,2115,https://youtu.be/eZRDwykQyd8
ctitv,20190402,UUMndhUyhNM,為禽獸說兩度致歉...　陳明通「手插口袋」,113,197,https://youtu.be/UUMndhUyhNM
ctitv,20190402,s-8VwilAvkk,綠議員逼簽不選總統MOU　韓國瑜拒簽稱「變數多」,137,455,https://youtu.be/s-8VwilAvkk
ctitv,20190402,u1Q7RNOoqzY,芭樂價格近腰折！　陳吉仲卻猛批韓國瑜「外銷訂單」,100,252,https://youtu.be/u1Q7RNOoqzY
ctitv,20190402,aKAKFTwJhsE,只圖溫飽是「豬狗禽獸」！　韓國瑜怒轟陳明通,97,310,https://youtu.be/aKAKFTwJhsE
ctitv,20190402,HJtp3F0-JKw,綠逼簽「不選總統」備忘錄　韓國瑜當場拒絕,121,370,https://youtu.be/HJtp3F0-JKw
ctitv,20190402,i4Mvzf7f83o,急剎止不住！　撞疑似違規休旅車「騎士凌空飛起」,77,90,https://youtu.be/i4Mvzf7f83o
ctitv,20190402,nrt6K6eyFkk,韓國瑜訪美　哈佛談兩岸　市長第一人,110,420,https://youtu.be/nrt6K6eyFkk
ctitv,20190402,OyX95H7FwqM,「賴清德、韓國瑜」隔空交火　2020提前開打？,126,130,https://youtu.be/OyX95H7FwqM
ctitv,20190402,Xetek-SzT_g,Jolin新MV尬小S　血腥三角戀情成看點,98,120,https://youtu.be/Xetek-SzT_g
ctitv,20190402,wBD4u3AwwLo,網照遭疑變臉膠感重　王心凌現身駁謠言,106,101,https://youtu.be/wBD4u3AwwLo
ctitv,20190402,c6cHx_egYMQ,迎三鶯線通車　鶯歌車站周邊土地活化,71,144,https://youtu.be/c6cHx_egYMQ
ctitv,20190402,HzrJ4YjfbTE,韓國瑜踩點深圳　揭全球第3大貨櫃港「港資竟是他」,154,310,https://youtu.be/HzrJ4YjfbTE
ctitv,20190402,C6ZKfbANsJQ,質疑專業？　世新校友熊海靈批NCC委員：不恰當,103,281,https://youtu.be/C6ZKfbANsJQ
ctitv,20190402,fuAs1XpYHTw,持紙棍毆嬰稱「幫自己按摩」　檢起訴2保育員狠打臉,106,106,https://youtu.be/fuAs1XpYHTw
ctitv,20190402,lGIxA6P8uOc,綠營恐共牌失效？最新民調：韓國瑜贏蔡賴柯,106,1971,https://youtu.be/lGIxA6P8uOc
ctitv,20190402,XJ37QRnbwnA,陳佩琪發文疑替柯P圓場　徐耀昌：別再演戲了,70,141,https://youtu.be/XJ37QRnbwnA
ctitv,20190402,3GdDapBUtm8,議員、陸委會狂打韓　陳明通「禽獸說」惹眾怒,105,1514,https://youtu.be/3GdDapBUtm8
ctitv,20190402,PuVTvlE1-_g,曾簽茶葉MOU滯銷學教訓　韓：品質一定要顧,79,470,https://youtu.be/PuVTvlE1-_g
ctitv,20190402,94VvtErG7jM,剎不住！　大車下坡「失控」　撞毀貨車自撞樹,60,163,https://youtu.be/94VvtErG7jM
ctitv,20190402,rVxjwXXEidI,「推年輕人一把」　韓國瑜：馬雲有望來高雄,107,688,https://youtu.be/rVxjwXXEidI
ctitv,20190402,ZUsNTvgK41M,罷工後高層大地震！謝世謙接華航董座何煖軒走人,97,132,https://youtu.be/ZUsNTvgK41M
ctitv,20190402,pD79M5Qlpqw,質疑專業？　世新副校長批NCC：創造更大失衡,135,12198,https://youtu.be/pD79M5Qlpqw
ctitv,20190402,sojioDPn7Vo,繼周董、張惠妹　王力宏加盟「好聲音」導師陣容,99,338,https://youtu.be/sojioDPn7Vo
ctitv,20190402,c_LCr6u6O44,林志玲行善身家曝！　王寶強爆暗戀她10年,90,531,https://youtu.be/c_LCr6u6O44
ctitv,20190402,Pw2ohq9ayIU,"祖孫三代旅遊 七人座SUV孰優",167,101,https://youtu.be/Pw2ohq9ayIU
ctitv,20190402,1tOqse9piYk,吃砂鍋魚頭被噎著　「護理師」主管緊急救人,73,375,https://youtu.be/1tOqse9piYk
ctitv,20190402,bya-YEz-N_o,不滿加收100元「電燈費」　房東狂甩攤商巴掌,99,178,https://youtu.be/bya-YEz-N_o
ctitv,20190402,5nkhZLMuIUY,不放棄徵召最強棒　吳敦義4/10前見韓國瑜,76,5958,https://youtu.be/5nkhZLMuIUY
ctitv,20190402,rLSilx2a9Ps,「賴清德、韓國瑜」隔空交火　2020提前開打？,88,4469,https://youtu.be/rLSilx2a9Ps
ctitv,20190402,MurblpoqCRA,扁錄影罵韓　小韓粉邊哭邊罵「為什麼要罵韓國瑜」,98,14632,https://youtu.be/MurblpoqCRA
ctitv,20190402,h4GrK1fjLrM,芭樂產量過剩價格崩　農民盼韓國瑜幫忙賣,84,46313,https://youtu.be/h4GrK1fjLrM
ctitv,20190402,TqUiditgYM8,干貝醬翻轉身價　小魚乾拚出三億商機,153,6656,https://youtu.be/TqUiditgYM8
ctitv,20190402,l2w18mlwCJk,裝GPS跟監妻　華南王子二審改判拘役20日,86,166,https://youtu.be/l2w18mlwCJk
ctitv,20190402,Agob8hBYtf0,苑裡重劃區「棋盤式道路」　三年300起車禍,91,68,https://youtu.be/Agob8hBYtf0
ctitv,20190402,VmvGGeRgP9o,「龍團隊」北上？　林佳龍帶4台中人馬進交通部,98,1041,https://youtu.be/VmvGGeRgP9o
ctitv,20190402,GDQcydSm-Nk,連假前小確幸！　「1杯咖啡只要1元」優惠搶客,51,76,https://youtu.be/GDQcydSm-Nk
ctitv,20190402,8thCGAbqvZU,進中聯辦挨批賣台　韓國瑜「手握心臟」：反對一國兩制,194,9493,https://youtu.be/8thCGAbqvZU
ctitv,20190402,UvsiSbM79rw,桃園超商遭竊ATM找到了！　「剩空殼」丟溪,117,441,https://youtu.be/UvsiSbM79rw
ctitv,20190402,f7Znuiuzz70,趴趴走助選！換特赦？　謝龍介狀告賴清德、陳水扁,94,10363,https://youtu.be/f7Znuiuzz70
ctitv,20190402,H0SbsRYZ3E4,名車螃蟹式橫跨槽化線　害物流車失控撞護欄,91,87,https://youtu.be/H0SbsRYZ3E4
ctitv,20190402,kOYr_yUfR0Q,百歲郝柏村四肢無力　急送內湖三總檢查,79,2579,https://youtu.be/kOYr_yUfR0Q
ctitv,20190402,jS33en_3XZs,男疑發酒瘋　甩棍攻擊對警嗆聲　遭快打部隊壓制,87,376,https://youtu.be/jS33en_3XZs
ctitv,20190402,i3ZwWtEo9_4,投資1千月賺7百？　百博集團不法獲利上億,100,115,https://youtu.be/i3ZwWtEo9_4
ctitv,20190402,uN3nJCzDSgw,民進黨特製「大陸護照」　韓國瑜皺眉拒收,125,23314,https://youtu.be/uN3nJCzDSgw
ctitv,20190402,qr3CLUNZLvk,「不要給我戴小紅帽」　韓國瑜：「禽獸說」4個字太重,105,8755,https://youtu.be/qr3CLUNZLvk
ctitv,20190402,Gs5S5wVDQXQ,疑債務糾紛登門尋仇　前科男遭砍殺潑酸命危,81,168,https://youtu.be/Gs5S5wVDQXQ
ctitv,20190402,_jz4YevtT-c,一滴汗露餡　水電工爬管道間潛進台銀行竊,74,116,https://youtu.be/_jz4YevtT-c
ctitv,20190402,NlC9nKnUUag,韓拚觀光再出招！高雄十大伴手禮選拔開跑,83,16309,https://youtu.be/NlC9nKnUUag
ctitv,20190402,VKGF9bQzTn0,「豬狗禽獸」論　引眾怒！朱、盧、謝龍介抨擊,87,21296,https://youtu.be/VKGF9bQzTn0
ctitv,20190402,TYtkGzmXnts,求溫飽「禽獸說」失言　陸委會陳明通道歉,86,89674,https://youtu.be/TYtkGzmXnts
ctitv,20190401,WtrGGMX7hBE,全球首例！台大研究：指尖陀螺可分離血清,88,1663,https://youtu.be/WtrGGMX7hBE
ctitv,20190401,MbVvW3VRdv4,「停業前3天還收錢」　外語補習班驚傳惡性倒閉,89,1278,https://youtu.be/MbVvW3VRdv4
ctitv,20190401,0UoZs1vw8DM,右手教課左手猥褻？　補教師遭控侵犯小六童,96,598,https://youtu.be/0UoZs1vw8DM
ctitv,20190401,ffejT1PKdn4,綠營猛轟進中聯辦　韓國瑜：心中無懼、絕無賣台,107,2478,https://youtu.be/ffejT1PKdn4
ctitv,20190401,DB1mQVYAZ5M,兌幣機成下手目標　小偷「連根拔起」撬走,82,329,https://youtu.be/DB1mQVYAZ5M
ctitv,20190401,j5_mQNb12ak,新竹縣府超商失竊　賊垂降偷保險櫃、收銀機,101,436,https://youtu.be/j5_mQNb12ak
ctitv,20190401,l5W8jPBQlmg,馬路當停車場？大剌剌停車買壽司　無視堵車,76,1410,https://youtu.be/l5W8jPBQlmg
ctitv,20190401,Z9DOeb9mIbE,韓粉哭著來連署　杏仁哥：市長不會拋棄全台灣,95,36457,https://youtu.be/Z9DOeb9mIbE
ctitv,20190401,qK2CUd7m7FA,清水死亡火警釀兩死　爺嬤大陸行返家接噩耗,75,801,https://youtu.be/qK2CUd7m7FA
ctitv,20190401,G6Ml_NYf_Rk,「堅持不考慮」暗藏玄機？　韓國瑜沒把2020說死,205,6119,https://youtu.be/G6Ml_NYf_Rk
ctitv,20190401,TSc5Ym0wGOg,痛譙桃機停車場動線　吳宗憲：氣到快噴血,83,656,https://youtu.be/TSc5Ym0wGOg
ctitv,20190401,7XERY1taUqA,女兒摔破頭掛急診　醫生要她一小時再來「網掀議論」,98,402,https://youtu.be/7XERY1taUqA
ctitv,20190401,swLwkTHJImQ,【氣象】東北風增強　今晚中部以北低溫15度,115,710,https://youtu.be/swLwkTHJImQ
ctitv,20190401,jINda5AiyKw,未演先轟動！　獅子王台北場加演5場,63,149,https://youtu.be/jINda5AiyKw
ctitv,20190401,oz-s8EJFqh4,共機越中線！　蔡籲北京：不要挑釁　不要製造事端,108,1165,https://youtu.be/oz-s8EJFqh4
ctitv,20190401,EbZzDod_imU,逼韓交陸52億訂單明細　藍批農委會專找碴,105,12711,https://youtu.be/EbZzDod_imU
ctitv,20190401,CHjoUge_nJQ,全台稅籍登記娃娃機店近8千家　首納營業稅查稅目標,93,204,https://youtu.be/CHjoUge_nJQ
ctitv,20190401,_WhU_x23uyU,北市高中驚爆狼師　向社團學生伸狼爪,102,389,https://youtu.be/_WhU_x23uyU
ctitv,20190401,FGvD5051LQw,又是酒駕惹禍　12歲男童遭撞飛搶救中,87,393,https://youtu.be/FGvD5051LQw
ctitv,20190401,Z1JHA6kUZ5s,離奇！2機車碰撞　重機彈飛卡一米高欄杆,79,305,https://youtu.be/Z1JHA6kUZ5s
ctitv,20190401,Cn0mcoia-kU,別再拖！　藍營基層力推最強人選　非「韓」不投,106,3713,https://youtu.be/Cn0mcoia-kU
ctitv,20190401,SZgqukrTzdM,綠議員狂逼問選總統送「黃袍」　韓國瑜拒收,112,2520,https://youtu.be/SZgqukrTzdM
ctitv,20190401,3jPIBDorxUg,韓國瑜議會施政報告　「愛與和平」開場,103,2430,https://youtu.be/3jPIBDorxUg
ctitv,20190401,apzsjS7aBx4,誇張！名車闖燈撞騎士　「假停車真肇逃」,86,212,https://youtu.be/apzsjS7aBx4
ctitv,20190401,nNCS8r-beDU,蔡「連環技」壓制賴？　解析小英四招卡賴,153,733,https://youtu.be/nNCS8r-beDU
ctitv,20190401,8KW4YAJLer8,假試穿真偷竊　「禿頭版黃立行」偷名牌球鞋,85,267,https://youtu.be/8KW4YAJLer8
ctitv,20190401,bFHThP_xDlI,車違停消防栓旁遭撞！　消防栓斷水如噴泉不止,71,164,https://youtu.be/bFHThP_xDlI
ctitv,20190401,IsgDElyzM9E,暗夜惡火！飯店SPA烤箱變火爐　木建築燒得焦黑,88,372,https://youtu.be/IsgDElyzM9E
ctitv,20190401,L_kuMG10UgE,超商防護網現漏洞！？「玻璃窗」成唯一防線,84,350,https://youtu.be/L_kuMG10UgE
ctitv,20190401,RVr0BJ9O_Iw,偷兒蠻力拔ATM　「感知器」通報成護身符,106,552,https://youtu.be/RVr0BJ9O_Iw
ctitv,20190401,4QgDrcvs5eg,韓國瑜力挺楊明州　證實有官員參加「擒韓小組」,113,120977,https://youtu.be/4QgDrcvs5eg
ctitv,20190401,l3bOqA2STjI,轟紅色訂單又搶收割　藍委轟農委會「精神分裂」,114,36109,https://youtu.be/l3bOqA2STjI
ctitv,20190401,RiSCuJpgMkU,遭農糧署長酸別只拿MOU　韓國瑜：態度有問題！,106,32992,https://youtu.be/RiSCuJpgMkU
ctitv,20190401,9lATov2YK0w,驗屋要仔細徹底　主播教你小撇步,167,528,https://youtu.be/9lATov2YK0w
ctitv,20190401,gfHOaTHD4zU,桃機二航赴一航取車　實測竟一度找嘸指標,109,1057,https://youtu.be/gfHOaTHD4zU
ctitv,20190401,fYFvomwEB5U,小哥告別演唱會再加場！　一年三度攻蛋,97,242,https://youtu.be/fYFvomwEB5U
ctitv,20190401,W_j-csiCqjs,遭誤認為「虐蝦奧客」　評論者：不排除提告,74,803,https://youtu.be/W_j-csiCqjs
ctitv,20190401,gkoP6YPsWEQ,推年輕人一把　韓國瑜：馬雲希望來高雄,104,20181,https://youtu.be/gkoP6YPsWEQ
ctitv,20190401,GIXBdlL-3RE,救台灣才能救高雄！　藍：當總統更能兌現承諾,97,8679,https://youtu.be/GIXBdlL-3RE
ctitv,20190401,SgLsrClAgC0,韓國瑜頻說「目前」不考慮2020　徵召後有機會？,112,5361,https://youtu.be/SgLsrClAgC0
ctitv,20190401,3vuwHO5BvLo,拚經濟遭綠營抹黑賣台　韓國瑜親上火線回擊,108,20308,https://youtu.be/3vuwHO5BvLo
ctitv,20190401,zyvdJONnxLc,綠問拒一國兩制「真心or虛情」　韓摸心臟妙回,109,27373,https://youtu.be/zyvdJONnxLc
ctitv,20190401,X7QeBRPpwCc,「書讀到狗肚子裡」　韓國瑜批陳明通「禽獸」說,115,138087,https://youtu.be/X7QeBRPpwCc
ctitv,20190401,4r8QWpPA_S0,陳佩琪發文疑替柯P圓場　徐耀昌：別再演戲了,69,1300,https://youtu.be/4r8QWpPA_S0
ctitv,20190401,y9D0bpTljl8,竹縣府超商失竊　凌空垂降偷保險櫃、收銀機,108,701,https://youtu.be/y9D0bpTljl8
ctitv,20190401,gSAyyOAm-Yw,遭告外患罪！　韓國瑜、陳致中議會面對面交鋒,107,20204,https://youtu.be/gSAyyOAm-Yw
ctitv,20190401,f4TSLgrVE_E,龍捲風襲河南釀20傷　充氣床遭捲10樓高,72,954,https://youtu.be/f4TSLgrVE_E
ctitv,20190401,YumX7ios-0U,台灣囝仔爭光！　赴陸選秀「奪冠」將出道,72,768,https://youtu.be/YumX7ios-0U
ctitv,20190401,pxG4Ny2bRh0,盧秀燕：政治路身不由己　盼韓承擔更大重責,67,10154,https://youtu.be/pxG4Ny2bRh0
ctitv,20190401,tt7a_gr-VPg,韓選2020仍有望？　幕僚透露：他不會逃避責任,85,2575,https://youtu.be/tt7a_gr-VPg
ctitv,20190401,PH3WFxx9WAc,火鍋業走「賭場風」　學澳門賭場設籌碼,137,458,https://youtu.be/PH3WFxx9WAc
ctitv,20190401,EggW4JUa0sc,韓國瑜神隱半天　現身餐會民眾大喊「總統好」,86,15889,https://youtu.be/EggW4JUa0sc
ctitv,20190401,uRwrYPNVRNQ,警方打臉！　勝利性招待有證據、崔鍾訓拍不雅影片,94,965,https://youtu.be/uRwrYPNVRNQ
ctitv,20190401,cck43Lm1Duk,繼永福樓後！　16年「糖朝」退出台北東區,90,508,https://youtu.be/cck43Lm1Duk
ctitv,20190401,0Wf0ykg5w0k,急性過敏「呼吸困難」！　醫師遇熱血警撿回一命,106,300,https://youtu.be/0Wf0ykg5w0k
ctitv,20190401,JbNP8uAZ0c0,怒！　車位難求　民眾竟自行移柵欄　停公園空地,89,1601,https://youtu.be/JbNP8uAZ0c0
ctitv,20190401,2TiCm5uQcFw,卡車硬闖撞倒「限高架」　台鐵一度雙向停駛,94,915,https://youtu.be/2TiCm5uQcFw
ctitv,20190401,H87aizSkgSc,綠議員狂逼問選總統送「黃袍」　韓國瑜拒收,112,14824,https://youtu.be/H87aizSkgSc
ctitv,20190401,avBV8qz9LZI,韓國瑜手勢不一樣？！　香爐學問大！政治咖「拜廟眉角」,168,28535,https://youtu.be/avBV8qz9LZI
ctitv,20190401,HRIFO1yNbI8,張國榮逝世16年忌日！　愛人唐唐曬合照悼念,118,1913,https://youtu.be/HRIFO1yNbI8
ctitv,20190401,iAzHKzP6GqY,巷口嘸號誌！駕駛左轉釀禍　行人慘捲車底,49,582,https://youtu.be/iAzHKzP6GqY
ctitv,20190331,xfaIzZWvfaA,四一新制上路！　癮君子、汽車駕駛小心挨罰,80,7163,https://youtu.be/xfaIzZWvfaA
ctitv,20190331,ZAAf7tm0AGI,挺韓愛情鏈政見！網友自掏腰包製藍圖,83,22202,https://youtu.be/ZAAf7tm0AGI
ctitv,20190331,wNHg8mwCz8s,「救台灣戰2020」　劉家昌、熊海靈挺韓國瑜選總統,95,93929,https://youtu.be/wNHg8mwCz8s
ctitv,20190331,fMZIM1sTh-Q,荷包又要縮水！　4月汽油、瓦斯雙漲　小吃店、餐廳慘,105,9524,https://youtu.be/fMZIM1sTh-Q
ctitv,20190331,VlxY_hvLtLA,奧客玩蝦遭制止　網頁評論1星反嗆「態度不佳」,82,4978,https://youtu.be/VlxY_hvLtLA
ctitv,20190331,eULoU-DZOv0,檢舉同學考試作弊　老師竟罰「公開道歉」,107,1618,https://youtu.be/eULoU-DZOv0
ctitv,20190331,z4hjtv3impk,總統南下遭批「鴨霸」停車　警澄清誤會一場,102,54036,https://youtu.be/z4hjtv3impk
ctitv,20190331,sCf_r5Md2Cs,比武招親冠軍出爐！　與許淑華共進下午茶,102,29733,https://youtu.be/sCf_r5Md2Cs
ctitv,20190331,RdZyA5c3kiQ,盼韓國瑜選總統　火鍋店老闆：韓粉免費吃一天,97,109509,https://youtu.be/RdZyA5c3kiQ
ctitv,20190331,_jp5p4jWCN4,非韓不投！　韓國瑜深夜PO文　韓粉得憂鬱症,100,131004,https://youtu.be/_jp5p4jWCN4
ctitv,20190331,dvFQgbOc-yA,樂見韓不選2020？　王金平留言「大力支持」被嗆爆,96,31171,https://youtu.be/dvFQgbOc-yA
ctitv,20190331,2lNBHy8jS94,綠逢韓必卡！　各界籲「先救台灣才能救高雄」,108,10720,https://youtu.be/2lNBHy8jS94
ctitv,20190331,sVUoOo1KeYU,愛吃夜市、火鍋　香港韓粉將寫「高雄美食書」,97,24399,https://youtu.be/sVUoOo1KeYU
ctitv,20190331,2lB_HAtl0vU,「這是無聊八卦」　爾開希酒駕0.4遭移送,104,5669,https://youtu.be/2lB_HAtl0vU
ctitv,20190331,7u0ToiKl3xY,從就職到直播拜年　韓國瑜「韓式英文」行銷高雄,108,30616,https://youtu.be/7u0ToiKl3xY
ctitv,20190331,lkvxrNFKyQU,總統高度？　韓國瑜哈佛演講　新增「兩岸議題」,100,32677,https://youtu.be/lkvxrNFKyQU
ctitv,20190331,bjDQCesSPWU,救台灣才能救高雄　暴動蓋樓求韓選2020,130,72344,https://youtu.be/bjDQCesSPWU
ctitv,20190331,ozmILGpZ9Qk,灌1.5瓶威士忌發狂　醉漢砸車嚇壞遊客,97,599,https://youtu.be/ozmILGpZ9Qk
ctitv,20190331,O5MBPj6wZb0,小貨車對撞重機！　騎士「撞破擋風玻璃」摔車內,78,5721,https://youtu.be/O5MBPj6wZb0
ctitv,20190331,gIwP9J7JXnE,清水透天厝惡火！　父母雙亡　3子女傷重未脫險,81,513,https://youtu.be/gIwP9J7JXnE
ctitv,20190331,AZy99KMDkV4,砰！　酒駕撞翁疑心虛落跑　民眾騎車追凶,72,399,https://youtu.be/AZy99KMDkV4
ctitv,20190331,EzwOalyhX3A,跟著媽祖跑！　顏清標拉筋摔倒四腳朝天,76,22499,https://youtu.be/EzwOalyhX3A
ctitv,20190331,GvdiGqI0jgo,韓國瑜上任3個月　農漁產外銷訂單共簽84.7億,93,45161,https://youtu.be/GvdiGqI0jgo
set,20190402,tBKmojmoDuI,"06活力主播曾鈴媛+氣象甜心陳宥蓉+07正點主播 張齡予 給你滿滿的早安新鮮聞｜【早安新鮮聞promo】",41,96,https://youtu.be/tBKmojmoDuI
set,20190402,0aIRtDgj4Oo,"六都首長滿意度奪冠！桃園市長鄭文燦70%滿意度 20項建設很有感｜記者 李仙棋 許慧美｜【LIVE大現場】",84,859,https://youtu.be/0aIRtDgj4Oo
set,20190402,-1A-OxI-NZc,"""2019最具震撼力的聲音"" 陳其邁愚人節曝光首張EP 蘇貞昌拿""刑法""神回覆｜【LIVE大現場】",112,404,https://youtu.be/-1A-OxI-NZc
set,20190402,NQGmL6z1-Y8,"無畏中國戰機越中線！蔡英文.蘇貞昌第一時間硬起來 學者喊2020""英蘇配""｜【LIVE大現場】",98,1193,https://youtu.be/NQGmL6z1-Y8
set,20190402,gT6l-tGXAss,"基隆廟口攤位絕對沒""這數字"" 傳統攤販深信不吉利｜記者 賴建志 林俊華｜【LIVE大現場】",72,123,https://youtu.be/gT6l-tGXAss
set,20190402,5O3ZVz7bOWA,"今天搭幾號公車？公車編碼禁忌大公開 避免8號背後有段故事...｜【LIVE大現場】",85,165,https://youtu.be/5O3ZVz7bOWA
set,20190402,OlTVXZvLWfY,"橄欖油烹調溫度有分類 營養師提醒太高溫恐致癌｜記者 吳雅婷 曾建勳｜【LIVE大現場】",98,21,https://youtu.be/OlTVXZvLWfY
set,20190402,6FJ2I9h7L94,"為""禽獸說""道歉！陸委會主委陳明通兩度道歉 韓國瑜：但民眾還是一股氣｜【LIVE大現場】",111,186,https://youtu.be/6FJ2I9h7L94
set,20190402,1Go8uf9RYi4,"日本邁入令和新年號 搶商機另類商品秒出爐  ｜記者 魏仁君｜【LIVE大現場】",83,91,https://youtu.be/1Go8uf9RYi4
set,20190402,4owPVLnfGYc,"中國新興夢幻職業""代吃員"" 專人代客吃美食讓你不怕胖｜記者 許少榛｜【LIVE大現場】",91,928,https://youtu.be/4owPVLnfGYc
set,20190402,KSYA2x-1XPk,"中國動物園請""假猩猩""代打! 工讀生穿陽春玩偶上陣遊客好失望 ｜記者 柯皓寧｜【LIVE大現場】",117,301,https://youtu.be/KSYA2x-1XPk
set,20190402,Pcql3Gh4yQg,"""憤怒鳥""中國河南真實上演 彈弓射雞當遊戲挨批殘忍｜記者 賴彥宏｜【LIVE大現場】",68,380,https://youtu.be/Pcql3Gh4yQg
set,20190402,SjZQtbViEJg,"保外就醫還公開輔選?謝龍介告陳水扁喊話""別躲"" 陳致中:扁言論自由｜記者程彥豪 胡時瑛 蔣宏儒｜【LIVE大現場】",93,1094,https://youtu.be/SjZQtbViEJg
set,20190402,emARv9M-fvw,"歹戲拖棚!英脫歐替代方案全槓龜 投票前環保人士""半裸""亂入｜記者林芳穎｜【國際大現場】",89,104,https://youtu.be/emARv9M-fvw
set,20190402,fy2EXSsc96s,"悲劇!祕魯雙層巴士起火遭吞噬 20人喪命成""黑炭""｜記者向敦維｜【國際大現場】",68,110,https://youtu.be/fy2EXSsc96s
set,20190402,ZYSGIJZrM6w,"[一刀未剪]禽獸說惹議陳明通道歉 韓國瑜:無話好說 民眾過的苦有氣!｜【今日台灣大現場】",217,10632,https://youtu.be/ZYSGIJZrM6w
set,20190402,T2XvTmngUqA,"不滿共軍挑釁！陸委會主委陳明通澄清""禽獸論""  肯定韓國瑜""拚經濟""｜【LIVE大現場】",378,5470,https://youtu.be/T2XvTmngUqA
set,20190402,exxHWaRdxkU,"報稅月又要到了~ 今年""五大變動""利多 薪資所得特別扣除額每人最高20萬｜記者 謝抒珉｜【LIVE大現場】",61,1338,https://youtu.be/exxHWaRdxkU
set,20190401,Nuoh3-LSVTA,只求溫飽如禽獸?陸委會主委陳明通再出面解釋｜【直播回放】,780,1945,https://youtu.be/Nuoh3-LSVTA
set,20190402,OCXvaINXOwE,"太空降落的宇宙漢堡你有吃過嗎?  坐車有這個壞習慣千萬母湯喔!｜主播 莊惠琪｜【新聞9是狂】",210,107,https://youtu.be/OCXvaINXOwE
set,20190402,GHKQMAoEGcw,"別當龜兒子！議員謝龍介向前總統陳水扁提告 不滿保外就醫違法助選｜【LIVE大現場】",107,2530,https://youtu.be/GHKQMAoEGcw
set,20190402,TDU4-SBLHiU,"桃園機捷建設市民有感! 鄭文燦滿意度六都第一冠全台｜記者 謝孟哲 李政道｜【LIVE大現場】",90,373,https://youtu.be/TDU4-SBLHiU
set,20190402,DtKKt4ZMhCk,"討拍反被罵！網友嫌烤玉米一支130元太貴 在地人護航：和牛等級｜主播 曾鈴媛｜【小編PO一下】",170,218,https://youtu.be/DtKKt4ZMhCk
set,20190402,r8SHFZK_nZw,"東北風減弱 全台各地氣溫稍回升 北部.東半部山區防""間歇性降雨"" ｜氣象主播 陳宥蓉｜【準氣象快報】",129,237,https://youtu.be/r8SHFZK_nZw
set,20190401,xNKEdr3BACY,"M503航線""剛好""被淨空 公然挑釁越中線是""預謀""?進入領空恐引燃戰火｜記者 程彥豪 胡時瑛｜【LIVE大現場】",108,4752,https://youtu.be/xNKEdr3BACY
set,20190329,7gYkQJoYV4s,"處理廠火警波及1家8口被迫搬 維修費用高達百萬屋主無奈｜記者 林玠汶 許書維 ｜【LIVE大現場】",116,485,https://youtu.be/7gYkQJoYV4s
set,20190329,9H7JZmNxPu8,"彰化縣廢棄物處理場大火 民宅工廠遭煙薰毀損官方踢皮球｜記者 許書維 張峻棟 沈明志｜【LIVE大現場】",125,315,https://youtu.be/9H7JZmNxPu8
set,20190401,TmeF420DAYc,"參加遶境被質疑""無心市政""柯文哲駁自己工時長 王世堅批:心懷不軌!媽祖會K他｜記者 葉庭｜【LIVE大現場】",83,5400,https://youtu.be/TmeF420DAYc
set,20190401,8tRhNSBa4PM,"想破解韓流勝選方程式?!綠營基層力拱""蔡賴配""｜記者 黃國瑞｜【LIVE大現場】",90,350,https://youtu.be/8tRhNSBa4PM
set,20190401,F15awvtEI-c,"火藥味滿點!陳明通槓上韓國瑜罵禽獸 韓國瑜反擊:書是讀到狗的肚子裡面了嗎?｜【LIVE大現場】",58,4615,https://youtu.be/F15awvtEI-c
set,20190401,prEDHKEwswQ,"春假天氣看過來!明(2日)漸漸回暖 周五(5日)、周日(7日)鋒面帶來半天降雨｜氣象老大 吳德榮｜【三立準氣象】",286,3461,https://youtu.be/prEDHKEwswQ
set,20190401,uyJZU07nSt0,"[一刀未剪]狠批陳明通""你眼睛瞎了嗎?"" 韓國瑜:書讀到狗的肚子裡面嗎?｜【焦點人物大現場】",177,45952,https://youtu.be/uyJZU07nSt0
set,20190401,9rqEyZOhgBo,"柯文哲為還願請假參加大甲媽祖遶境 王世堅砲轟：媽祖會K他｜記者 葉庭｜【LIVE大現場】",83,2140,https://youtu.be/9rqEyZOhgBo
set,20190401,Au3cOg3Ehv0,"好朋友升官發財？ 韓國瑜用人惹議非首次 黃文財駁斥靠""官""係｜主播  詹璇依｜【新聞16說清楚】",268,1264,https://youtu.be/Au3cOg3Ehv0
set,20190401,kaXaCb97BhQ,"披著狼皮的老師?右手上課 左手""猥褻"" 女童母痛批太惡劣!｜記者張德生 馬郁雯｜【LIVE大現場】",120,4392,https://youtu.be/kaXaCb97BhQ
set,20190401,jFuKz614sWw,"超逼真逃票奧步?!台鐵竟無人守身障通道 手機逼卡聲騙過去!｜記者林俊華 周冠宇｜【LIVE大現場】",87,3091,https://youtu.be/jFuKz614sWw
set,20190401,CCmN8b06SZU,"又一起交通意外 疑過馬路遭捲入車底 6旬婦昏迷送醫｜ 記者馬郁雯｜【LIVE大現場】",64,246,https://youtu.be/CCmN8b06SZU
set,20190401,RggWJnVGhRI,"[一刀未剪]柯文哲與聯電榮譽副董宣明智同台 遭問2020是否參選仍未鬆口｜【焦點人物大現場】",295,1618,https://youtu.be/RggWJnVGhRI
set,20190401,aqMT6lf1K28,"杯麵也能聽?日本泡麵大廠""日清"" 惡搞杯麵耳機""創意太經典!｜【LIVE大現場】",40,300,https://youtu.be/aqMT6lf1K28
set,20190401,ZRLgvOE2ZEI,"以為在拍電影？竊賊""神鬼垂降""闖超商 爽吃薑母鴨被活逮｜記者 張浩譯 張昱傑 莊翔宇｜【LIVE大現場】",74,617,https://youtu.be/ZRLgvOE2ZEI
set,20190401,1UCFILtEEG8,"蔡賴配成2020執政方程式!? 韓國瑜訪中民調下滑 柯文哲不願鬆口參選｜【LIVE大現場】",110,1146,https://youtu.be/1UCFILtEEG8
set,20190401,OC872Rit26w,"越線早有預謀? 中共罕見""清空""M503航線 外交部第一時間報""區域夥伴""｜記者 程彥豪 黃大風 胡時瑛｜【LIVE大現場】",102,2454,https://youtu.be/OC872Rit26w
set,20190401,T0oOC6y0PUw,"嗨大家今天過得好嗎? 網紅理科太太挨罰20萬 意外曝光商業布局｜記者 劉雅文 于成虎｜【LIVE大現場】",94,615,https://youtu.be/T0oOC6y0PUw
set,20190401,hLVO0NlM4kw,"有這麼好吃？女子為了買壽司車停路中央 引發網友怒轟：駕照哪發的｜記者 姜翔 張昱傑｜【LIVE大現場】",89,639,https://youtu.be/hLVO0NlM4kw
set,20190401,pjM0IK9VXes,"中國戰機越過海峽中線挑釁 蔡英文總統：警告北京勿生事端｜記者 程彥豪 余戎航｜【LIVE大現場】",111,1970,https://youtu.be/pjM0IK9VXes
set,20190401,WUyzauWUCf0,"噁！火車色狼""狂攝""女子又磨蹭 被正義男子喝止裝沒事｜記者 陳子揚 孟國華｜【LIVE大現場】",82,312,https://youtu.be/WUyzauWUCf0
set,20190401,PlAhHqU0R1o,"別再說韓國瑜來過！冰店老闆切割韓 人氣暴增周末得排半小時｜記者 顏聆羽 王子瑜｜【LIVE大現場】",69,820,https://youtu.be/PlAhHqU0R1o
set,20190401,_hq3uc8zhUk,"韓國瑜返台進議會備詢 ""2020徵召參選""沒說死 被議員抗議反一國兩制｜【LIVE大現場】",131,338,https://youtu.be/_hq3uc8zhUk
set,20190401,QHunZ6SuJtQ,"你敢吃嗎?野生綠鬣蜥""蒜頭湯+豆腐乳""食譜曝光 嚇壞一大票網友｜記者 陳宥蓉 王承偉｜【LIVE大現場】",100,5263,https://youtu.be/QHunZ6SuJtQ
set,20190401,0FrMa-WrLi0,"政治人物也玩愚人節梗 蘇貞昌小編逗趣辦""水庫淨空柚子大賽""笑翻網友｜記者 莊惠琪 陳君傑 胡時瑛｜【LIVE大現場】",113,3383,https://youtu.be/0FrMa-WrLi0
set,20190401,ZiFOYmMblBc,"不要單手抱!媽媽抱3個月大孩子搭手扶梯 走2步重心不穩直接""脫手""｜主播 郭雅慧｜【不斷更新】",185,870,https://youtu.be/ZiFOYmMblBc
set,20190401,Sh4iGVMrvxE,"韓國瑜""茶葉門""讓茶農森77 陳吉仲怒嗆:不實指控!優良品質茶葉持續出口｜記者 莊惠琪｜【LIVE大現場】",132,1115,https://youtu.be/Sh4iGVMrvxE
set,20190401,y5vgdm3UP98,"高雄市長韓國瑜訪中""踩紅線"" 議員拉布條嗆""拒絕一國兩制""｜主播 郭雅慧｜【LIVE大現場】",330,15073,https://youtu.be/y5vgdm3UP98
set,20190401,5HVpD0BvmQ0,"根本挑釁!共機越台灣海峽中線我國空軍立刻升空緊盯 吳釗燮:加以譴責也立刻通知區域夥伴｜記者 莊惠琪｜【LIVE大現場】",135,12901,https://youtu.be/5HVpD0BvmQ0
set,20190401,F_9cjp5GSdg,"抗議!共軍機越中線""公然挑釁"" 蔡英文向北京喊話:不要製造事端!｜【LIVE大現場】",83,2905,https://youtu.be/F_9cjp5GSdg
set,20190401,11AyLUhJjcQ,"韓國瑜施政報告""訪中行""成焦點 綠營拉布條嗆""一國兩制""與國民黨議員爆口角｜記者 賴碧香｜【LIVE大現場】",297,1631,https://youtu.be/11AyLUhJjcQ
set,20190401,djgHjXhxnoA,"臨檢沒在怕啦~中國大叔不慌不忙拿出駕照 警察一看傻眼竟是""白紙+手寫字""｜主播 魏文元｜【新聞9是狂】",259,850,https://youtu.be/djgHjXhxnoA
set,20190401,TDlKmLT_968,"韓國瑜赴中返台首施政報告 議員嗆莫淪一國兩制 ｜賴碧香｜【LIVE大現場】",149,593,https://youtu.be/TDlKmLT_968
set,20190401,OkZHgMjEXDY,"故意挑釁?! 中共""殲11""戰機闖海峽中線 我軍緊急升空攔截 軍事專家：兩岸情勢升高｜記者 張硯卿 游家瑋｜【LIVE大現場】",114,38494,https://youtu.be/OkZHgMjEXDY
set,20190401,NJ-QisXEDa0,"全台各地有雨！上午中部以北地區降雨明顯 北部高溫僅17度注意保暖｜氣象主播 陳宥蓉｜【準氣象快報】",107,1004,https://youtu.be/NJ-QisXEDa0
set,20190331,PQDXeOXGGQU,"""蔡賴配""破局!賴清德簽書會人氣爆棚 盼跟韓國瑜來場君子之爭｜記者 莊惠琪 陳君傑｜【LIVE大現場】",112,5122,https://youtu.be/PQDXeOXGGQU
set,20190331,Z63eOd6FN3k,"蔡英文全力備戰拚連任 陳菊.陳其邁陪跑高雄喊""團結最有力""｜記者 莊惠琪 張硯卿 游家瑋｜【LIVE大現場】",108,7155,https://youtu.be/Z63eOd6FN3k
set,20190331,KeNl8oqF3Ug,"火大!韓國瑜""農藥說""毀商譽 茶農生氣砲轟把話講清楚!｜記者 廖國雄｜【LIVE大現場】",107,5314,https://youtu.be/KeNl8oqF3Ug
set,20190331,2xiDBjdxVEg,"""黑金剛""一隻曾飆22萬!養殖""水晶蝦""不容易 ""品種.水質.水溫""都有學問!｜記者謝抒珉 楊育鑫｜【LIVE大現場】",88,11514,https://youtu.be/2xiDBjdxVEg
set,20190331,RgFk8vS5OMw,"千萬飛了~藍寶堅尼彎道失控 駕駛被嚇到說不清事發經過｜【LIVE大現場】",217,24912,https://youtu.be/RgFk8vS5OMw
set,20190331,37jC187z--Y,"酒駕騎車遭逮!學運領袖吾爾開希酒測0.4 坦承犯錯訊後請回｜記者 王家珩 張德生｜【LIVE大現場】",109,944,https://youtu.be/37jC187z--Y
set,20190331,5I8RBlsdHpI,"一戶要價1300萬!竹塘""蛋蛋屋""顛覆窮鄉僻壤印象 爆建商未開案就賣光｜【LIVE大現場】",224,7760,https://youtu.be/5I8RBlsdHpI
set,20190331,ByXUEnSfZ64,"幸運兒在哪?!北捷""百億人次""幸運客可免費搭一年 ""新莊出站""快確認是你嗎?｜記者曾佳萱 胡時瑛｜【LIVE大現場】",104,5496,https://youtu.be/ByXUEnSfZ64
set,20190331,cJLcEj3-wqM,"""老鼠偷拖鞋""指郭台銘是在後頭的大咖?謝龍介爆韓國瑜是否參選關鍵是""他""｜記者 葉庭 黃大風｜【LIVE大現場】",92,875,https://youtu.be/cJLcEj3-wqM
set,20190331,aIdwwXBD7XI,"芭樂外銷""區域限定""?高雄杉林區價格崩盤 小顆的1台斤只賣2元｜記者 翁郁雯 黃啟超｜【LIVE大現場】",110,1293,https://youtu.be/aIdwwXBD7XI
set,20190331,XGDwXr4Bp0Q,"母雞未誕生基層憂心!全台20艱困區北市佔6席 民進黨雙北苦戰｜記者謝孟哲 李政道｜【LIVE大現場】",109,5354,https://youtu.be/XGDwXr4Bp0Q
set,20190331,oB7_JmsvAhE,"豈有此理?小六女檢舉作弊被逼道歉 對方家長是""家長會長""校方無積極作為｜記者王家珩 蔡駿琪 李仙祺｜【LIVE大現場】",102,1583,https://youtu.be/oB7_JmsvAhE
set,20190331,4_ppmCzGmgk,"注意保暖+帶雨具！冷空氣發威  北部入夜後氣溫下探14-15度｜氣象主播 苑曉琬｜【三立準氣象】",151,10605,https://youtu.be/4_ppmCzGmgk
set,20190331,m_O49xIKscw,"韓國瑜承諾做4年=不參選2020? 賴清德保守回應:希望來場君子之爭｜記者 莊惠琪｜【LIVE大現場】",139,4662,https://youtu.be/m_O49xIKscw
set,20190331,lkyPusoADO8,"網友惡搞""復仇者""預告!韓國瑜變""雷神""召喚五星旗 驚奇隊長一轉身…是蔡英文!｜【LIVE大現場】",48,6445,https://youtu.be/lkyPusoADO8
set,20190331,irkeuOMI63U,"[一刀未剪]賴清德讚國民黨參選2020""最強""非韓國瑜莫屬 遭問可能缺席表示：要問他意願｜【焦點人物大現場】",960,1552,https://youtu.be/irkeuOMI63U
set,20190331,VMJ52NwqXxA,"[一刀未剪]阿北擺一擺頭進屋去~聽聞韓國瑜表態不參選 柯文哲:你怎麼那麼認真｜【焦點人物大現場】",29,2707,https://youtu.be/VMJ52NwqXxA
set,20190331,k6MOa74nDiY,"網球國手謝政鵬女友命喪公車輪下 臉書怒轟業者推卸責任｜記者 吳軒彤 姜毅宏｜【LIVE大現場】",70,840,https://youtu.be/k6MOa74nDiY
set,20190331,lP_3dT9EHZc,"農藥.混茶毀了MOU？嘉義縣長翁章梁與茶農怒嗆韓國瑜""出來道歉""｜記者 翁郁雯｜【LIVE大現場】",63,2030,https://youtu.be/lP_3dT9EHZc
set,20190331,49zdjpMMTw0,"好夢幻啊～大西洋海蛞蝓現身墾丁 小心絕對不能碰｜【LIVE大現場】",110,4043,https://youtu.be/49zdjpMMTw0
set,20190331,gMDi6f6O8GM,"快把大哥扶起來！顏清標重心不穩糗摔倒 旁人嚇壞衝上前｜記者 張峻棟｜【LIVE大現場】",87,18812,https://youtu.be/gMDi6f6O8GM
set,20190331,6RJHI83zqXc,"韓國瑜臉書po文強調""4年時間""留高雄 王金平留言""加油""反被韓粉狂酸｜【LIVE大現場】",74,901,https://youtu.be/6RJHI83zqXc
set,20190331,hIXOygZUBeU,"頭上好綠…女友連劈兩人夫 運將醋勁大發失控奪命!｜記者吳軒彤 林忠憲 馬郁雯｜【LIVE大現場】",82,550,https://youtu.be/hIXOygZUBeU
set,20190331,jcBht3AacC4,"協調後賴清德堅持""走完初選""!蔡英文直攻南台灣:主權從不讓步!｜【LIVE大現場】",108,2369,https://youtu.be/jcBht3AacC4
set,20190331,8xHte8UdyOs,"忍不住翻白眼!太快樂太悲傷都不行 ""這些歌""變禁歌理由超瞎!｜記者謝孟哲 李政道｜【LIVE大現場】",110,941,https://youtu.be/8xHte8UdyOs
set,20190331,BnvGTNUGV5c,"沒那麼好康!""真的可以下載""是騙人的 留言送貼圖40萬人上當!｜記者吳雅婷 馬家豪｜【LIVE大現場】",97,417,https://youtu.be/BnvGTNUGV5c
set,20190331,TLRKi4GAMDE,"""穿金戴銀奪銅""包前三!大馬賽中華""跨欄三將""捷報 陳傑""49秒77""奪金!｜記者黃瀞瑩｜【LIVE大現場】",65,2041,https://youtu.be/TLRKi4GAMDE
set,20190331,fbV8dNKybjg,"愛貓""生好生滿""!兩隻變一百多隻 英婦人整間屋子被塞爆!｜主播鄭凱中｜【新聞9是狂】",192,10323,https://youtu.be/fbV8dNKybjg
set,20190331,uTCvyGMlKJM,"真的不想選?!韓國瑜深夜PO文""用4年履行對高雄承諾"" 態度強硬成藍震撼彈｜【LIVE大現場】",61,10517,https://youtu.be/uTCvyGMlKJM
set,20190331,TcoF7tNiJXU,"韓國瑜要求隨扈抱腿高舉挨轟 蘇貞昌批：皇帝心態不可取｜記者 程彥豪 潘建樺｜【LIVE大現場】",91,575,https://youtu.be/TcoF7tNiJXU
set,20190331,YhHf6EYyDDw,"今晚至明日降溫雨增！最低氣溫下探14度 下周清明連假天氣逐漸好轉｜氣象主播 苑曉琬 ｜【三立準氣象】",169,3766,https://youtu.be/YhHf6EYyDDw
set,20190330,_Z6xWQ91NiU,"責任怪茶農?北農時期MOU茶葉難銷 韓國瑜怪""混茶""惹怒茶農!｜【LIVE大現場】",195,21512,https://youtu.be/_Z6xWQ91NiU
set,20190330,n9hZzAndtiI,"配色怪怪的?砸大錢新門牌被嫌醜 新北市急喊卡:改回單一色系｜記者程彥豪 潘建樺｜【LIVE大現場】",97,5674,https://youtu.be/n9hZzAndtiI
set,20190330,MgzcS0VF7BE,"你會怎麼寫?""開""左邊一撇不夠彎被扣分 家長質疑""矯枉過正""｜記者林昆慶 謝鈞仲｜【LIVE大現場】",98,1747,https://youtu.be/MgzcS0VF7BE
set,20190330,-LK8X7sO2Ks,"太有才!公共宅廣告""時下用語.政治梗""全都用 知名youtuber配音直呼:最母湯的房產廣告｜記者何冠毅 顧元松｜【LIVE大現場】",109,860,https://youtu.be/-LK8X7sO2Ks
set,20190330,onFzweOg5t4,"撐不住?再遇豪大雨""不保證不淹水"" 韓國瑜強調:水利局螺絲已上緊?｜記者賴碧香 許世良｜【LIVE大現場】",96,1407,https://youtu.be/onFzweOg5t4
set,20190330,QI8eulr051A,"停車場比考駕照還難!網友列""最暈停車場""牆壁全是刮痕｜記者 方昱翔 許智雄｜【LIVE大現場】",90,1047,https://youtu.be/QI8eulr051A
set,20190330,fY9IlWW77rY,"童年的回憶阿~杯裝飲料販賣機引發網友共鳴 直說:邊喝邊咬冰塊小確幸｜記者 賴建志 劉秉家｜【LIVE大現場】",87,1166,https://youtu.be/fY9IlWW77rY
set,20190330,E3NXbMndpfU,"小編慘囉~台中知名夜店鬧事被迫停業 高調發文""強勢回歸""惹怒員警｜記者 林玠汶 王子瑜｜【LIVE大現場】",122,5088,https://youtu.be/E3NXbMndpfU
set,20190330,dbaeu4LNAUg,"皮繃緊!大甲媽繞境最怕""搶轎"" 彰化警察局長:不是好就是倒!｜記者 許書維 方品文｜【LIVE大現場】",100,6348,https://youtu.be/dbaeu4LNAUg
set,20190330,LWJCZ-OiNQ8,"大甲媽前""官將陣頭""大秀火舞 演出禁忌多不敢馬虎｜記者 羅鼎傑 王子瑜 江濬禓｜【LIVE大現場】",108,773,https://youtu.be/LWJCZ-OiNQ8
set,20190330,AewsaA57730,"回應""從不怕受傷""!蔡英文""空戰""奏效 臉書粉絲稱霸全球女領導人｜記者周楷 方柏丰｜【LIVE大現場】",107,2762,https://youtu.be/AewsaA57730
set,20190330,uZ4Z46bqcQE,"柯文哲釋善意稱""白綠不用當敵人"" 王世堅回嗆:被騙兩次是瘋子｜【LIVE大現場】",108,1799,https://youtu.be/uZ4Z46bqcQE
